implementation,manual_score,rougeL_f1,bertscore_f1,semantic_similarity,retrieval_hit,retrieval_precision,retrieval_recall,retrieval_f1,answer_length,indexing_time_s,retrieval_time_s,generation_time_s
basic,0.8,0.2587975978647553,0.8471820592880249,0.6089306235313415,1.0,0.29904761904761906,1.0,0.42428571428571427,147.0,17.6496,0.06674,27.47146
hybrid_rerank,0.6,0.20141548853623154,0.8369921684265137,0.6439777493476868,1.0,0.2704761904761905,1.0,0.40476190476190477,119.0,62.96,2.988,35.79022
vectordb,0.6,0.19654272660385155,0.8373986482620239,0.6387220740318298,1.0,0.3188888888888889,1.0,0.4514285714285714,104.0,35.4281,0.10389999999999999,21.94708
vectordb_tuned,0.6,0.256511986217569,0.8536919951438904,0.6625516176223755,1.0,0.2335714285714286,1.0,0.3658730158730159,120.8,36.8679,0.10293999999999999,31.66876
reranker,0.5,0.16283266337008037,0.8327760338783264,0.5491434216499329,1.0,0.22523809523809524,0.9,0.34523809523809523,85.8,57.689499999999995,1.14764,28.31328
hybrid,0.4,0.1330193495143725,0.8282285571098328,0.5812974870204926,0.8,0.1819047619047619,0.7,0.2785714285714286,116.4,34.8671,0.1748,25.52068
