implementation,manual_score,rougeL_f1,bertscore_f1,semantic_similarity,retrieval_hit,retrieval_precision,retrieval_recall
basic,0.7,0.30200636629426814,0.8554088830947876,0.7177405238151551,1.0,0.5,0.9
vectordb,0.7,0.24091897351819286,0.8499221920967102,0.7253094434738159,1.0,0.3522222222222222,0.9333333333333333
hybrid_rerank,0.5,0.22253844620605517,0.8442575097084045,0.6928727388381958,0.8,0.5333333333333333,0.5333333333333333
reranker,0.5,0.21661260995626322,0.8438787817955017,0.7058514714241028,0.8,0.6,0.5333333333333333
hybrid,0.3,0.1661174560576756,0.8352271795272828,0.6943168044090271,0.8,0.3333333333333333,0.4666666666666667
